CREATE DATABASE Proyecto_Practico_SQL

USE Proyecto_Practico_SQL

CREATE TABLE Proveedores (
    id_proveedor INT PRIMARY KEY,
    nombre_proveedor VARCHAR(40)
);

CREATE TABLE Producto (
    id_producto INT PRIMARY KEY,
    nombre_producto VARCHAR(40),
    tipo VARCHAR(40),
    cantidad INT,
    precio DECIMAL(9,2),
    id_proveedor INT FOREIGN KEY REFERENCES Proveedores(id_proveedor)
);

CREATE TABLE Clientes (
    id_cliente INT PRIMARY KEY,
    nombre_cliente VARCHAR(40),
    correo VARCHAR(40)
);


CREATE TABLE Ventas (
    id_venta INT PRIMARY KEY,
    fecha_venta DATE,
    id_cliente INT FOREIGN KEY REFERENCES Clientes(id_cliente),
    id_sucursal INT FOREIGN KEY REFERENCES Sucursal(id_sucursal)
);

CREATE TABLE Detalle_Venta (
    id_venta INT FOREIGN KEY REFERENCES Ventas(id_venta),
    id_producto INT FOREIGN KEY REFERENCES Producto(id_producto),
    Cantidad INT
    PRIMARY KEY (id_venta, id_producto)   
);

CREATE TABLE Sucursal (
    id_sucursal INT PRIMARY KEY,
    ubicacion VARCHAR(40)
);

CREATE TABLE Empleados (
    id_empleado INT PRIMARY KEY,
    nombre_empleado VARCHAR(40),
    fecha_ingreso DATE,
    id_sucursal INT FOREIGN KEY REFERENCES Sucursal(id_sucursal)    
);

CREATE TABLE Sistema (
    id_usuario INT PRIMARY KEY,
    fecha_creacion DATE,
    id_empleado INT FOREIGN KEY REFERENCES Empleados(id_empleado)    
);

Select * FROM Proveedores
Select * FROM Producto
Select * FROM Clientes
Select * FROM Ventas
Select * FROM Sucursal
Select * FROM Empleados
Select * FROM Sistema
Select * FROM Detalle_Venta

INSERT INTO Proveedores (id_proveedor, nombre_proveedor) VALUES
(1, 'Dos Pinos'),
(2, 'La Florida'),
(3, 'Coca Cola Femsa'),
(4, 'Tosty'),
(5, 'Café Britt'),
(6, 'Diferva'),
(7, 'Productos Griegos'),
(8, 'Pozuelo'),
(9, 'Repostería R'),
(10, 'Postres Obando'),
(11, 'Distribuidora Sigma'),
(12, 'Distribuidora La Cruz'),
(13, 'Mayca'),
(14, 'Bimbo'),
(15, 'Distribuidora LW'),
(16, 'Distribuidora La Mayor'),
(17, 'Distribuidora la Coruńa'),
(18, 'Helados Artesanales'),
(19, 'NutriSnack'),
(20, 'Yummies');


INSERT INTO PRODUCTO (id_Producto,nombre_producto, tipo, Cantidad, Precio, ID_Proveedor) VALUES
(820481, 'CAFE 12oz', 'BEBIDAS', 78, 1400, 5),
(820482, 'PEPSI 600ML', 'BEBIDAS', 24, 1000, 2),
(820483, 'TROPICAL TE FRIO LIMON', 'BEBIDAS', 43, 900, 2),
(820487, 'TROPICAL TE FRIO MELOCOTON', 'BEBIDAS', 29, 900, 2),
(820490, 'TROPICAL TE BLANCO MANDARINA', 'BEBIDAS', 38, 900, 2),
(820491, 'TROPICAL TE BLANCO FRAMBUEZA', 'BEBIDAS', 81, 900, 2),
(820492, 'JUGO DE NARANJA 500ML', 'BEBIDAS', 62, 1200, 1),
(820493, 'ALOE', 'BEBIDAS', 64, 1300, 2),
(820499, 'ARIZONA', 'BEBIDAS', 48, 1000, 15),
(820501, 'AGUA SAN ANGEL 350ML', 'BEBIDAS', 79, 500, 13),
(820504, 'YOGURT GRIEGO', 'BEBIDAS', 62, 1000, 7),
(820507, 'JET', 'BEBIDAS', 51, 1200, 2),
(820508, 'COCACOLA CERO 600ML', 'BEBIDAS', 82, 1000, 3),
(820509, 'COCACOLA REGULAR 600ML', 'BEBIDAS', 46, 1000, 3),
(820518, 'GINGER ALE 600ML', 'BEBIDAS', 18, 1000, 3),
(820519, 'FANTA UVA 600ML', 'BEBIDAS', 18, 1000, 3),
(820528, 'FANTA KOLITA 600ML', 'BEBIDAS', 26, 1000, 3),
(820531, 'FANTA NARANJA 600ML', 'BEBIDAS', 79, 1000, 3),
(820532, 'FRESCA 600ML', 'BEBIDAS', 45, 1000, 3),
(820534, 'FRESCOLECHE CHOCOLATE', 'BEBIDAS', 28, 700, 1),
(820535, 'FRESCOLECHE VAINILLA', 'BEBIDAS', 60, 700, 1),
(820536, 'FRESCOLECHE FRESA', 'BEBIDAS', 77, 700, 1),
(820542, 'KERNS PERA', 'BEBIDAS', 29, 750, 11),
(820544, 'KERNS MANZANA', 'BEBIDAS', 13, 750, 11),
(820545, 'KERNS MELOCOTON', 'BEBIDAS', 15, 750, 11),
(820548, 'TROPICAL TE NEGRO MANZANA KIWI', 'BEBIDAS', 16, 900, 2),
(820553, 'TROPICAL TE BLANCO', 'BEBIDAS', 19, 900, 2),
(820555, 'TROPICAL TE VERDE MANZANA', 'BEBIDAS', 79, 900, 2),
(820563, 'KERNS FRUTAS TROPICALES', 'BEBIDAS', 36, 750, 11),
(820564, 'TROPICAL FRUTAS CERO', 'BEBIDAS', 78, 900, 2),
(820566, 'TROPICAL TE BLANCO CERO', 'BEBIDAS', 14, 900, 2),
(820567, 'CAFÉ OLE CLASICO', 'BEBIDAS', 13, 1800, 11),
(820568, 'CAFÉ OLE VAINILLA', 'BEBIDAS', 27, 1800, 11),
(820569, 'CAFÉ OLE MOKA', 'BEBIDAS', 26, 1800, 11),
(820571, 'FURY', 'BEBIDAS', 45, 1200, 3),
(820582, 'TROPICAL MANZANA CERO', 'BEBIDAS', 76, 900, 2),
(820590, 'JET KOLITA', 'BEBIDAS', 30, 1200, 2),
(820591, 'JET MANGO', 'BEBIDAS', 43, 1200, 2),
(820593, 'MIRINDA DE PIŃA', 'BEBIDAS', 55, 1000, 2),
(820594, 'Maximalta', 'BEBIDAS', 50, 1000, 3),
(820613, 'Monster pińa', 'BEBIDAS', 21, 1600, 2),
(820616, 'Monster mango', 'BEBIDAS', 31, 1600, 2),
(820617, 'Evervess', 'BEBIDAS', 44, 1000, 2),
(820618, 'AGUA 500ml', 'BEBIDAS', 59, 500, 13),
(855528, 'AVENA BRAN', 'CONFITERIA', 39, 600, 6),
(855529, 'BARRA CRUNCHY', 'CONFITERIA', 76, 700, 6),
(855530, 'BARRA NATURE VALLEY FRUTOS', 'CONFITERIA', 77, 700, 16),
(855567, 'bigote dulce de leche', 'CONFITERIA', 57, 800, 14),
(820636, 'BUBULUBU', 'CONFITERIA', 35, 500, 6),
(836964, 'CADBURY DARK 100G', 'CONFITERIA', 40, 2000, 6),
(836962, 'CADBURY FRUIT 100G', 'CONFITERIA', 64, 2000, 6),
(854090, 'CADBURY FRUIT 42G', 'CONFITERIA', 14, 1000, 6),
(855566, 'CADBURY HAZEL NUT 100G', 'CONFITERIA', 70, 2000, 6),
(836963, 'CADBURY MILK 100G', 'CONFITERIA', 81, 2000, 6),
(855526, 'CADBURY MILK 42G', 'CONFITERIA', 58, 1000, 6),
(820631, 'CHIPS AJOY', 'CONFITERIA', 33, 350, 6),
(855580, 'Choys arroz', 'CONFITERIA', 50, 700, 12),
(855581, 'Choys blanco', 'CONFITERIA', 78, 700, 12),
(855554, 'CUPCAKE CHOCOLATE', 'CONFITERIA', 74, 700, 14),
(855555, 'CUPCAKE VAINILLA', 'CONFITERIA', 31, 700, 14),
(855577, 'Dalmata', 'CONFITERIA', 43, 700, 14),
(820643, 'GALLETTA AVENA CON PASAS', 'CONFITERIA', 70, 700, 19),
(855544, 'GALLETTA CHOCOLATE SIN AZUCAR', 'CONFITERIA', 40, 700, 19),
(855564, 'GALLETTA LIMA-LIMON', 'CONFITERIA', 66, 700, 19),
(855543, 'GALLETTA MACADAMIA', 'CONFITERIA', 12, 700, 19),
(855563, 'GALLETTA MANZANA Y CANELA', 'CONFITERIA', 62, 700, 19),
(855545, 'GALLETTA MARACUYA Y CHIA', 'CONFITERIA', 77, 700, 19),
(820625, 'Galleta oreo', 'CONFITERIA', 41, 350, 16),
(820640, 'GALLETAS RITZ', 'CONFITERIA', 66, 600, 6),
(855576, 'gallito choco mix', 'CONFITERIA', 42, 100, 6),
(855573, 'GANSITO', 'CONFITERIA', 56, 700, 14),
(855536, 'HALLS CEREZA', 'CONFITERIA', 23, 500, 6),
(820642, 'HALLS LIMON', 'CONFITERIA', 30, 500, 6),
(855565, 'HALLS MENTA', 'CONFITERIA', 81, 500, 6),
(855535, 'HALLS NEGROS', 'CONFITERIA', 77, 500, 6),
(855534, 'HALLS YERBABUENA', 'CONFITERIA', 38, 500, 6),
(855584, 'Julietas', 'CONFITERIA', 22, 1100, 17),
(855540, 'M&M''S CHOCOLATE', 'CONFITERIA', 13, 800, 16),
(855541, 'M&M''s MANI', 'CONFITERIA', 44, 800, 16),
(855542, 'M&M''s MANTEQUILLA MANI', 'CONFITERIA', 71, 800, 16),
(855531, 'MENTOS FRUTAS', 'CONFITERIA', 60, 600, 6),
(855548, 'MENTOS MENTA', 'CONFITERIA', 81, 600, 6),
(855527, 'MILKA CASTAŃA', 'CONFITERIA', 50, 900, 6),
(820639, 'MILKA CHOCO', 'CONFITERIA', 57, 900, 6),
(855582, 'milkyway', 'CONFITERIA', 56, 800, 6),
(855533, 'Minibarritas', 'CONFITERIA', 64, 300, 14),
(855558, 'OLLITAS', 'CONFITERIA', 37, 700, 14),
(855551, 'PANQUECITOS VAINILLA', 'CONFITERIA', 64, 700, 14),
(855546, 'Pinguinitos', 'CONFITERIA', 31, 850, 14),
(855556, 'PINGUINOS COOKIES & CREAM', 'CONFITERIA', 28, 850, 14),
(855549, 'PINGUINOS NAVIDEŃOS', 'CONFITERIA', 34, 850, 14),
(820664, 'PINGUINOS TRIPLE CHOCOLATE', 'CONFITERIA', 59, 850, 14),
(855550, 'PINGUINOS TRIPLE CHOCOLATE', 'CONFITERIA', 64, 850, 14),
(855557, 'ROSQUITAS HORNEADAS', 'CONFITERIA', 18, 550, 14),
(820641, 'RUSH BARRA', 'CONFITERIA', 49, 600, 8),
(855553, 'SALMAS', 'CONFITERIA', 45, 250, 14),
(855532, 'SNICKERS', 'CONFITERIA', 75, 800, 17),
(821666, 'SNICKERS ALMENDRAS', 'CONFITERIA', 50, 900, 17),
(855570, 'Snickers pequeńo', 'CONFITERIA', 74, 400, 17),
(855547, 'SPONCH', 'CONFITERIA', 81, 500, 14),
(855572, 'SUBMARINO FRESA', 'CONFITERIA', 56, 700, 14),
(855571, 'SUBMARINOS VAINILLA', 'CONFITERIA', 53, 700, 14),
(855539, 'TRIDENT FRESA', 'CONFITERIA', 21, 500, 6),
(855561, 'TRIDENT GRANDE FRESA', 'CONFITERIA', 61, 1100, 6),
(855559, 'TRIDENT GRANDE MENTA', 'CONFITERIA', 13, 1100, 6),
(855569, 'TRIDENT GRANDE SANDIA', 'CONFITERIA', 39, 1100, 6),
(855560, 'TRIDENT GRANDE YERBABUENA', 'CONFITERIA', 73, 1100, 6),
(855537, 'TRIDENT MENTA', 'CONFITERIA', 51, 500, 6),
(855562, 'TRIDENT SANDIA', 'CONFITERIA', 33, 500, 6),
(855538, 'TRIDENT YERBABUENA', 'CONFITERIA', 81, 500, 6),
(855578, 'TUTTO', 'CONFITERIA', 61, 700, 12),
(855583, 'tutto baileys', 'CONFITERIA', 34, 800, 12),
(855579, 'TUTTO BLANCO', 'CONFITERIA', 58, 700, 12),
(855596, 'TRITS', 'LACTEOS', 79, 1400, 1),
(855597, 'KRUNCHY', 'LACTEOS', 33, 900, 1),
(855598, 'CHOCOSNACK', 'LACTEOS', 52, 500, 1),
(855599, 'CHOCOLETA', 'LACTEOS', 78, 900, 1),
(855600, 'CREMOLETA', 'LACTEOS', 64, 900, 1),
(855601, 'YOGURT LIQUIDO YOPLAIT', 'LACTEOS', 27, 800, 11),
(855602, 'YOGURT TOPPING CHOCOLATE', 'LACTEOS', 31, 1200, 1),
(855603, 'YOGURT TOPPING GRANOLA', 'LACTEOS', 61, 1200, 1),
(855604, 'DP YOGURT LIQUIDO ARANDANO', 'LACTEOS', 21, 800, 1),
(855605, 'DP YOGURT LIQUIDO ARANDANO CERO', 'LACTEOS', 42, 800, 1),
(855606, 'DP YOGURT LIQUIDO FRESA', 'LACTEOS', 58, 800, 1),
(855607, 'DP YOGURT LIQUIDO FRESA CERO', 'LACTEOS', 57, 800, 1),
(855608, 'ROMPOPE 250ML', 'LACTEOS', 39, 900, 1),
(855609, 'SUPER CONO', 'LACTEOS', 60, 900, 1),
(855610, 'SUNDAE CARAMELO', 'LACTEOS', 28, 1100, 1),
(855611, 'SUNDAE CHOCOLATE', 'LACTEOS', 63, 1100, 1),
(855612, 'Minisandwich vainilla', 'LACTEOS', 65, 600, 1),
(855613, 'Helado artesanal', 'LACTEOS', 74, 700, 18),
(855614, 'Me latte', 'LACTEOS', 35, 1600, 1),
(855615, 'parejita', 'LACTEOS', 30, 900, 1),
(855616, 'Proteina fresa', 'LACTEOS', 41, 1000, 1),
(855617, 'helado mio', 'LACTEOS', 78, 1200, 1),
(855618, 'TRES LECHES', 'POSTRES', 30, 1500, 10),
(855619, 'Torta chilena', 'POSTRES', 35, 1500, 10),
(855620, 'ARROZ CON LECHE', 'POSTRES', 72, 1500, 10),
(855621, 'TIRAMISU', 'POSTRES', 31, 1500, 10),
(855622, 'MOUSSE DE MELOCOTON', 'POSTRES', 46, 1500, 10),
(855623, 'PIE DE LIMON', 'POSTRES', 14, 1500, 10),
(855624, 'Mousse de maracuya', 'POSTRES', 21, 1500, 10),
(855625, 'Queque de zanahoria', 'POSTRES', 71, 2000, 10),
(855626, 'cremoso de maiz', 'POSTRES', 70, 1500, 10),
(855627, 'CROCANTE', 'POSTRES', 72, 2000, 10),
(855628, 'REPOSTERIA REGULAR', 'REPOSTERIA', 19, 800, 9),
(855629, 'ARREGLADO', 'REPOSTERIA', 54, 1200, 9),
(855630, 'ALFAJORES', 'REPOSTERIA', 39, 1500, 9),
(855631, 'PATI', 'REPOSTERIA', 36, 1500, 9),
(882983, 'Canasta de bocadillos', 'REPOSTERIA', 64, 1500, 9),
(882984, 'QUEQUE SECO', 'REPOSTERIA', 27, 800, 9),
(922103, 'Brownie', 'REPOSTERIA', 67, 1500, 9),
(922104, 'Empanada reposteria', 'REPOSTERIA', 31, 1000, 9),
(923758, 'Queque chocolate', 'REPOSTERIA', 15, 1000, 9),
(924855, 'PALMERITAS', 'REPOSTERIA', 45, 1600, 17),
(924856, 'EMPANADAS DULCES', 'REPOSTERIA', 47, 1600, 17),
(924857, 'ARROLLADOS', 'REPOSTERIA', 33, 1600, 17),
(927164, 'Galletas de natilla', 'REPOSTERIA', 73, 1600, 17),
(927166, 'PALITOS DE QUESO', 'REPOSTERIA', 54, 1600, 9),
(927168, 'Budin', 'REPOSTERIA', 42, 700, 9),
(946532, 'Queque de higos', 'REPOSTERIA', 41, 2000, 9),
(948696, 'BISCO LITE', 'SNACKS', 40, 500, 6),
(1028561, 'BISCOCHO CASERO', 'SNACKS', 25, 1600, 6),
(1028570, 'Bizcocho casero', 'SNACKS', 80, 1000, 17),
(1028564, 'BORRACHOS', 'SNACKS', 80, 1600, 17),
(1011796, 'BRAVOS REFILL', 'SNACKS', 42, 350, 4),
(995466, 'CAPPY TORNITOS QUESO Y MANTEQUILLA', 'SNACKS', 60, 350, 12),
(1009246, 'CHIRULITOS', 'SNACKS', 71, 350, 4),
(955873, 'KITTY PAPAS', 'SNACKS', 52, 350, 12),
(946533, 'KITTY RIKOS', 'SNACKS', 54, 350, 12),
(955875, 'KRONCHITOS', 'SNACKS', 40, 350, 12),
(948687, 'MANI CARAPIŃADO', 'SNACKS', 73, 800, 12),
(1011940, 'MANI RUMBA BBQ', 'SNACKS', 71, 800, 12),
(1011935, 'MANI RUMBA CARAPIŃADO', 'SNACKS', 82, 800, 12),
(1011937, 'MANI RUMBA CON LIMON', 'SNACKS', 74, 800, 12),
(1011934, 'MANI RUMBA SALADO', 'SNACKS', 30, 800, 12),
(946695, 'MANI SALADO', 'SNACKS', 38, 800, 12),
(948688, 'MANI SALADO CON PASAS', 'SNACKS', 24, 800, 12),
(1000807, 'MANI YUMMY', 'SNACKS', 39, 800, 12),
(955372, 'PALITOS AJONJOLI', 'SNACKS', 73, 500, 12),
(1040169, 'Palitos ajonjoli clasicos', 'SNACKS', 24, 700, 12),
(948697, 'PALITOS MAIZ', 'SNACKS', 15, 500, 12),
(1009247, 'PAPIOLAS', 'SNACKS', 62, 350, 4),
(1000806, 'Picaritas', 'SNACKS', 68, 350, 16),
(962485, 'PRINGLES BBQ', 'SNACKS', 17, 900, 16),
(962487, 'PRINGLES CLASICAS', 'SNACKS', 58, 900, 16),
(962486, 'PRINGLES CREMA Y CEBOLLA', 'SNACKS', 13, 900, 16),
(963357, 'PRINGLES QUESO', 'SNACKS', 25, 900, 16),
(1005702, 'QUESITOS', 'SNACKS', 40, 350, 4),
(948695, 'RANCHITAS NACHO CINEMA', 'SNACKS', 28, 350, 12),
(959462, 'RANCHITAS NACHO CINEMA', 'SNACKS', 80, 350, 12),
(948690, 'RANCHITAS NACHO EXCITANTE', 'SNACKS', 19, 350, 12),
(948692, 'RANCHITAS NACHO PIZZA', 'SNACKS', 25, 350, 12),
(948689, 'RANCHITAS QUESO', 'SNACKS', 75, 350, 12),
(955499, 'ROSQUILLAS', 'SNACKS', 75, 500, 6),
(1040170, 'Takis', 'SNACKS', 40, 700, 15),
(948691, 'YUMIX', 'SNACKS', 57, 350, 12),
(990865, 'ZAMBOS PLATANOS', 'SNACKS', 36, 350, 12),
(948694, 'ZIBAS CREMA Y ESPECIES', 'SNACKS', 66, 350, 20),
(959460, 'ZIBAS CREMA Y ESPECIES', 'SNACKS', 78, 350, 20),
(959461, 'ZIBAS MIEL MOSTAZA', 'SNACKS', 64, 350, 20),
(958270, 'ZIBAS PAPAS CLASICAS', 'SNACKS', 25, 350, 20),
(955877, 'ZIBAS PAPAS QUESO', 'SNACKS', 74, 350, 20),
(948693, 'Zumbas maduritos', 'SNACKS', 68, 1000, 20),
(958272, 'Zumbas maduritos', 'SNACKS', 42, 1000, 20);

INSERT INTO Clientes (id_cliente, nombre_cliente, correo) VALUES
(623475,'Jose Medina','jose.medina@libertytelecom.com'),
(624557,'Elias Martinez','elias.martinez@libertytelecom.com'),
(623369,'Ileana Duran','ileana.duran@libertytelecom.com'),
(624637,'Jaylin Montiel','jaylin.montiel@libertytelecom.com'),
(623883,'Rigoberto Alfaro','rigoberto.alfaro@libertytelecom.com'),
(298539,'Julio Solis','julio.solis@libertytelecom.com'),
(2731667,'Jose Quesada','jose.quesada@libertytelecom.com'),
(624612,'Hilary Muńoz','hilary.muńoz@libertytelecom.com'),
(301048,'Francisca Jimenez','francisca.jimenez@libertytelecom.com'),
(623800,'Nestor Rodriguez','nestor.rodriguez@libertytelecom.com'),
(301910,'Judith Cordoba','judith.cordoba@libertytelecom.com'),
(623972,'Stephanie Lara','stephanie.lara@libertytelecom.com'),
(623177,'Charlie Brenes','charlie.brenes@libertytelecom.com'),
(2354593,'Suevelyn Lopez','suevelyn.lopez@libertytelecom.com'),
(623675,'Maria Tercero','maria.tercero@libertytelecom.com'),
(623738,'Marvin Enriquez','marvin.enriquez@libertytelecom.com'),
(624044,'Walter Orozco','walter.orozco@libertytelecom.com'),
(623574,'Kevin Torres','kevin.torres@libertytelecom.com'),
(623871,'Rebeca Murillo','rebeca.murillo@libertytelecom.com'),
(298265,'Luis Marroquin','luis.marroquin@libertytelecom.com'),
(623411,'Jazmin Guillen','jazmin.guillen@libertytelecom.com'),
(298216,'Miguel Ureńa','miguel.ureńa@libertytelecom.com'),
(310826,'Jorge Duran','jorge.duran@libertytelecom.com'),
(624635,'Jason Nuńez','jason.nuńez@libertytelecom.com'),
(623460,'Johnjairo Better','johnjairo.better@libertytelecom.com'),
(623256,'Edier Pichardo','edier.pichardo@libertytelecom.com'),
(301890,'Josue Navarro','josue.navarro@libertytelecom.com'),
(623307,'Freddy Arias','freddy.arias@libertytelecom.com'),
(300770,'Danny Valerio','danny.valerio@libertytelecom.com'),
(624915,'Sharel Sanchez','sharel.sanchez@libertytelecom.com'),
(299427,'Alberto Morales','alberto.morales@libertytelecom.com'),
(623405,'James Brenes','james.brenes@libertytelecom.com'),
(2526775,'Sugey Herrera','sugey.herrera@libertytelecom.com'),
(623956,'Shirley Aguilar','shirley.aguilar@libertytelecom.com'),
(624548,'Edgardo Quiros','edgardo.quiros@libertytelecom.com'),
(623792,'Natalia Reyes','natalia.reyes@libertytelecom.com'),
(623721,'Marvin Garcia','marvin.garcia@libertytelecom.com'),
(623656,'Maikol Rojas','maikol.rojas@libertytelecom.com'),
(300978,'Ericka Zuńiga','ericka.zuńiga@libertytelecom.com'),
(623489,'Jose Sanchez','jose.sanchez@libertytelecom.com'),
(624506,'Carlos Barrios','carlos.barrios@libertytelecom.com'),
(300996,'Erick Barahona','erick.barahona@libertytelecom.com'),
(624491,'Brittany Monge','brittany.monge@libertytelecom.com'),
(301899,'Juan Rodriguez','juan.rodriguez@libertytelecom.com'),
(623760,'Michelle Lopez','michelle.lopez@libertytelecom.com'),
(623591,'Kristel Casasola','kristel.casasola@libertytelecom.com'),
(623887,'Ronald Zarate','ronald.zarate@libertytelecom.com'),
(624630,'Jader Rodriguez','jader.rodriguez@libertytelecom.com'),
(624823,'Maydeline Brenes','maydeline.brenes@libertytelecom.com'),
(299457,'Alfonso Calvo','alfonso.calvo@libertytelecom.com'),
(623608,'Leonardo Herrera','leonardo.herrera@libertytelecom.com'),
(623464,'Jonathan Vanegas','jonathan.vanegas@libertytelecom.com'),
(624786,'Maria Ramos','maria.ramos@libertytelecom.com'),
(623558,'Kattia Fernandez','kattia.fernandez@libertytelecom.com'),
(623840,'Paola Quesada','paola.quesada@libertytelecom.com'),
(623687,'Maria Fallas','maria.fallas@libertytelecom.com'),
(2461976,'Marvin Arroyo','marvin.arroyo@libertytelecom.com'),
(623791,'Natalia Valle','natalia.valle@libertytelecom.com'),
(300954,'Engel Duarte','engel.duarte@libertytelecom.com'),
(1400802,'keylin Rojas','keylin.rojas@libertytelecom.com'),
(623198,'Karla Bermudez','karla.bermudez@libertytelecom.com'),
(299590,'Arling Blanco ','arling.blanco@libertytelecom.com'),
(623951,'Sussy Oviedo','sussy.oviedo@libertytelecom.com'),
(624598,'Harry Montero','harry.montero@libertytelecom.com'),
(623522,'Josue Gomez ','josue.gomez@libertytelecom.com'),
(310836,'Jorge Monteverde','jorge.monteverde@libertytelecom.com'),
(624733,'Luis Soto','luis.soto@libertytelecom.com'),
(623635,'Luis Gutierrez','luis.gutierrez@libertytelecom.com'),
(299397,'Ada Villalobos','ada.villalobos@libertytelecom.com'),
(623722,'Martin Calvo','martin.calvo@libertytelecom.com'),
(624737,'Luis Peraza','luis.peraza@libertytelecom.com'),
(624936,'Tatiana Herrera','tatiana.herrera@libertytelecom.com'),
(623033,'Alejandro Pao','alejandro.pao@libertytelecom.com'),
(623249,'Diego Salas','diego.salas@libertytelecom.com'),
(623312,'Francini Quiros','francini.quiros@libertytelecom.com'),
(623986,'Tifanny Sanchez','tifanny.sanchez@libertytelecom.com'),
(300828,'Dayanna Berrocal','dayanna.berrocal@libertytelecom.com'),
(623930,'Sharon Quesada','sharon.quesada@libertytelecom.com'),
(624727,'Loymelis Casanova','loymelis.casanova@libertytelecom.com'),
(623258,'Eduardo Flores','eduardo.flores@libertytelecom.com'),
(624114,'Yorline Fuentes','yorline.fuentes@libertytelecom.com'),
(624965,'Willy Calderon','willy.calderon@libertytelecom.com'),
(624710,'Tatiana Flores','tatiana.flores@libertytelecom.com'),
(624813,'Kimberly Naranjo','kimberly.naranjo@libertytelecom.com'),
(624833,'Mauricio Jimenez','mauricio.jimenez@libertytelecom.com'),
(298303,'Michelle Chevez','michelle.chevez@libertytelecom.com'),
(299562,'Grettel Mendez','grettel.mendez@libertytelecom.com'),
(624972,'Andy Guzman','andy.guzman@libertytelecom.com'),
(300991,'Yanelis Mora','yanelis.mora@libertytelecom.com'),
(624454,'Esteban Jimenez','esteban.jimenez@libertytelecom.com'),
(298276,'Ana Cabrera','ana.cabrera@libertytelecom.com'),
(623832,'Marvin Muńoz','marvin.muńoz@libertytelecom.com'),
(301039,'Pablo Duarte','pablo.duarte@libertytelecom.com'),
(310668,'Francisco Madrigal','francisco.madrigal@libertytelecom.com'),
(623111,'Kenneth Ramirez','kenneth.ramirez@libertytelecom.com'),
(623768,'Brandon Ortega','brandon.ortega@libertytelecom.com'),
(623490,'Miguel Leon','miguel.leon@libertytelecom.com'),
(299766,'Jose Madriz','jose.madriz@libertytelecom.com'),
(623857,'Monica Solano','monica.solano@libertytelecom.com'),
(623748,'Rafael Lazaro','rafael.lazaro@libertytelecom.com'),
(624827,'Michael Jimenez','michael.jimenez@libertytelecom.com'),
(623532,'Allan Ocampo','allan.ocampo@libertytelecom.com'),
(623038,'Julio Retana','julio.retana@libertytelecom.com'),
(299772,'Alexandra Muńoz','alexandra.muńoz@libertytelecom.com'),
(623936,'Allison Valdivia','allison.valdivia@libertytelecom.com'),
(623222,'Shirley Avila','shirley.avila@libertytelecom.com'),
(623560,'CristhoperGutierrez ','cristhopergutierrez.@libertytelecom.com'),
(623235,'Kembly Espinoza','kembly.espinoza@libertytelecom.com'),
(298541,'Dalia Montero','dalia.montero@libertytelecom.com'),
(624806,'Andreina Valverde','andreina.valverde@libertytelecom.com'),
(624666,'Marvin Fernandez','marvin.fernandez@libertytelecom.com'),
(623428,'Jose Tencio','jose.tencio@libertytelecom.com'),
(623199,'Jecol Torres','jecol.torres@libertytelecom.com'),
(624844,'Cindy Cortes','cindy.@libertytelecom.com'),
(624509,'Nicole Rodriguez','nicole.rodriguez@libertytelecom.com'),
(623329,'Christian Rojas','christian.rojas@libertytelecom.com'),
(623688,'Joseline Torres','joseline.torres@libertytelecom.com'),
(623997,'Maria Figueroa','maria.figueroa@libertytelecom.com'),
(624675,'Valeria Granados','valeria.granados@libertytelecom.com'),
(299502,'Joselyn Muńoz','joselyn.muńoz@libertytelecom.com'),
(623636,'Ana Valle','ana.valle@libertytelecom.com'),
(2672495,'Luis Contreras','luis.contreras@libertytelecom.com'),
(623500,'Luis Legia','luis.legia@libertytelecom.com'),
(310378,'Lilliana Angeles','lilliana.angeles@libertytelecom.com'),
(623286,'Xiomara Chevez','xiomara.chevez@libertytelecom.com'),
(625122,'Eduardo Jesus','eduardo.jesus@libertytelecom.com'),
(623065,'Mario Morgan','mario.morgan@libertytelecom.com'),
(299280,'Andrey Valverde','andrey.valverde@libertytelecom.com'),
(624589,'Jesica Lozano','jesica.lozano@libertytelecom.com'),
(623806,'Gesel Ruiz','gesel.ruiz@libertytelecom.com'),
(623192,'Noel Bravo','noel.bravo@libertytelecom.com'),
(299737,'Christopher Rodriguez','christopher.rodriguez@libertytelecom.com'),
(624829,'Chandal Vega','chandal.vega@libertytelecom.com'),
(624930,'Melissa Angeles','melissa.angeles@libertytelecom.com'),
(2704115,'Steven Nuńez','steven.nuńez@libertytelecom.com'),
(624891,'Naomi Moya','naomi.moya@libertytelecom.com'),
(625118,'Ronny Sanchez','ronny.sanchez@libertytelecom.com'),
(299577,'Luis Fernandez','luis.fernandez@libertytelecom.com'),
(623424,'Andy Murcia','andy.murcia@libertytelecom.com'),
(624586,'Jefferson Aragon','jefferson.aragon@libertytelecom.com'),
(299416,'Genesis Quintanilla','genesis.quintanilla@libertytelecom.com'),
(299579,'Adriana Moreno','adriana.moreno@libertytelecom.com'),
(623902,'Angie Melendez','angie.melendez@libertytelecom.com'),
(623710,'Rony Rocha','rony.rocha@libertytelecom.com'),
(623513,'Mariano Campos','mariano.campos@libertytelecom.com'),
(623076,'Joseph Castillo','joseph.castillo@libertytelecom.com'),
(623686,'Angie Meza','angie.meza@libertytelecom.com'),
(624579,'Maria Orue','maria.orue@libertytelecom.com'),
(623892,'Geovanni Mejia','geovanni.mejia@libertytelecom.com'),
(625117,'Ronald Padilla','ronald.padilla@libertytelecom.com'),
(301906,'Andres Garcia','andres.garcia@libertytelecom.com'),
(624057,'Juan Figueroa','juan.figueroa@libertytelecom.com'),
(623185,'Wendy Enriquez','wendy.enriquez@libertytelecom.com'),
(300773,'Christian Mora','christian.mora@libertytelecom.com'),
(623965,'Darrell Diaz','darrell.diaz@libertytelecom.com'),
(623263,'Tania Navas','tania.navas@libertytelecom.com'),
(2742327,'Edward Monge','edward.monge@libertytelecom.com'),
(623761,'Romel Castillo','romel.castillo@libertytelecom.com'),
(623022,'Michelle Aubert','michelle.aubert@libertytelecom.com'),
(2731703,'Alberth Matamoros','alberth.matamoros@libertytelecom.com'),
(301165,'Natalie Campos','natalie.campos@libertytelecom.com'),
(310816,'Hazel Gonzalez','hazel.gonzalez@libertytelecom.com'),
(299593,'Jonathan Mata','jonathan.mata@libertytelecom.com'),
(624774,'Arath Valverde','arath.valverde@libertytelecom.com'),
(300868,'Marco Aguilar','marco.aguilar@libertytelecom.com'),
(623579,'Diana Vargas','diana.vargas@libertytelecom.com'),
(623054,'Keylor Acuńa','keylor.acuńa@libertytelecom.com'),
(624111,'Ana Murillo','ana.murillo@libertytelecom.com'),
(623421,'Juan Pacay','juan.pacay@libertytelecom.com'),
(624117,'Jeannette Angeles','jeannette.angeles@libertytelecom.com'),
(299423,'Josue Garcia','josue.garcia@libertytelecom.com'),
(624869,'Yoseling Mora','yoseling.@libertytelecom.com'),
(623916,'Agustin Mora','agustin.mora@libertytelecom.com'),
(623118,'Reiner Castro','reiner.castro@libertytelecom.com'),
(623836,'Saleth Aguilar','saleth.aguilar@libertytelecom.com'),
(624082,'Breshnev Gonzalez','breshnev.gonzalez@libertytelecom.com'),
(624100,'Pablo Alvarez','pablo.alvarez@libertytelecom.com'),
(623664,'Yazmin Gomez','yazmin.gomez@libertytelecom.com'),
(623868,'Jimy Obregon','jimy.obregon@libertytelecom.com'),
(623899,'Marceneth ','marceneth.@libertytelecom.com'),
(624687,'Raul Arguedas','raul.arguedas@libertytelecom.com'),
(623417,'Roger Gonzalez','roger.gonzalez@libertytelecom.com'),
(310628,'Juan Camacho','juan.camacho@libertytelecom.com'),
(624394,'Jean Barrientos','jean.barrientos@libertytelecom.com'),
(623987,'Karol Collado','karol.collado@libertytelecom.com'),
(623924,'Laura Rodriguez','laura.rodriguez@libertytelecom.com'),
(624978,'Tifany Duarte','tifany.duarte@libertytelecom.com'),
(2812413,'Seilyn Vindel','seilyn.vindel@libertytelecom.com'),
(623412,'Yeison Mungia','yeison.mungia@libertytelecom.com'),
(622997,'Eduardo Gutierrez','eduardo.gutierrez@libertytelecom.com'),
(310818,'Javier Perez','javier.perez@libertytelecom.com'),
(301015,'Haykel Cubillo','haykel.cubillo@libertytelecom.com'),
(299388,'Jonathan Fernandez','jonathan.fernandez@libertytelecom.com'),
(2485310,'Fausto Espinoza','fausto.espinoza@libertytelecom.com'),
(623383,'Carmen Calderon','carmen.calderon@libertytelecom.com'),
(623248,'Meilyn Angeles','meilyn.angeles@libertytelecom.com'),
(623838,'Ismael Flores','ismael.flores@libertytelecom.com'),
(624955,'Didier Montero','didier.montero@libertytelecom.com'),
(623382,'Pamela Ryan','pamela.ryan@libertytelecom.com'),
(301041,'Violeta Salazar','violeta.salazar@libertytelecom.com'),
(624870,'Ismael Torres','ismael.torres@coopealpes.com'),
(623565,'Jessica Guzman','jessica.guzman@coopealpes.com'),
(299276,'Rita Acevedo','rita.acevedo@coopealpes.com'),
(623409,'Kenneth Azofeifa','kenneth.azofeifa@coopealpes.com'),
(623679,'Yerlin Pineda','yerlin.pineda@coopealpes.com'),
(623655,'Jazmin Flores','jazmin.flores@coopealpes.com'),
(2712721,'Manuel Ortiz','manuel.ortiz@coopealpes.com'),
(623545,'Magally Alfaro','magally.alfaro@coopealpes.com'),
(624688,'Raquel Angeles','raquel.angeles@coopealpes.com'),
(623463,'Justin Ulloa','justin.ulloa@coopealpes.com'),
(623620,'Juan Carvajal','juan.carvajal@coopealpes.com'),
(299761,'Jonatan Jimenez','jonatan.jimenez@coopealpes.com'),
(623499,'Lidieth Angeles','lidieth.angeles@coopealpes.com'),
(301014,'Madelline ','madelline.@coopealpes.com'),
(624755,'Jose Bermudez','jose.bermudez@coopealpes.com'),
(623846,'Fabio Calderon','fabio.calderon@coopealpes.com'),
(623823,'Maria Chacon','maria.chacon@coopealpes.com'),
(300983,'Paula Rojas','paula.rojas@coopealpes.com'),
(623864,'Natalia Miguel','natalia.miguel@coopealpes.com'),
(310720,'Esteban Gonzalez','esteban.gonzalez@coopealpes.com'),
(298223,'Randall Gomez','randall.gomez@coopealpes.com'),
(624684,'Jossue Sandi','jossue.sandi@coopealpes.com'),
(2449457,'ChristopherAlfaro ','christopheralfaro.@coopealpes.com'),
(624812,'Juan Gonzalez','juan.gonzalez@coopealpes.com'),
(624618,'Stephany Garro','stephany.garro@coopealpes.com'),
(298288,'Mauricio Siles','mauricio.siles@coopealpes.com'),
(624080,'ILDER CHAVEZ','ilder.chavez@coopealpes.com'),
(310646,'Floribeth Jara','floribeth.jara@coopealpes.com'),
(300960,'Yarling Nuńez','yarling.nuńez@coopealpes.com'),
(624900,'Katherine Flores','katherine.flores@coopealpes.com'),
(624063,'Alison Castro','alison.castro@coopealpes.com'),
(624820,'Ruben Bernabe','ruben.bernabe@coopealpes.com'),
(623212,'Engel Centeno','engel.centeno@coopealpes.com'),
(623925,'William Carballo','william.carballo@coopealpes.com'),
(623807,'Mauricio Zepeda','mauricio.zepeda@coopealpes.com'),
(2489731,'Clifford Brenes','clifford.brenes@coopealpes.com'),
(623992,'Sebastian Elizondo','sebastian.elizondo@coopealpes.com'),
(623909,'Noelia Guadamuz','noelia.guadamuz@coopealpes.com'),
(623625,'Juan Peńa','juan.peńa@coopealpes.com'),
(623069,'Treisy Segura','treisy.segura@coopealpes.com'),
(624842,'Rosaura Fernandez','rosaura.fernandez@coopealpes.com'),
(624866,'Lizeth Sequeira','lizeth.sequeira@coopealpes.com'),
(299487,'Angell Moreira','angell.moreira@coopealpes.com'),
(310960,'Nayeli Angeles','nayeli.angeles@coopealpes.com'),
(623333,'Randall Chaves','randall.chaves@coopealpes.com'),
(624693,'Alvaro Abarca','alvaro.abarca@coopealpes.com'),
(300840,'Sharon Briceńo','sharon.briceńo@coopealpes.com'),
(623737,'Giselle Umańa','giselle.umańa@coopealpes.com'),
(624807,'Julieth Carvajal','julieth.carvajal@coopealpes.com'),
(300600,'David Duran','david.duran@coopealpes.com'),
(624587,'Marvin Rojas','marvin.rojas@coopealpes.com'),
(623779,'Mary Solorzano','mary.solorzano@coopealpes.com'),
(623146,'Daniela Ramirez','daniela.ramirez@coopealpes.com'),
(623590,'German Marin','german.marin@coopealpes.com'),
(2462129,'Monserrath ','monserrath.@coopealpes.com'),
(2501496,'Carlos Moreno','carlos.moreno@coopealpes.com'),
(623264,'Kristal Jimenez','kristal.jimenez@coopealpes.com'),
(298412,'Jean Leal','jean.leal@coopealpes.com'),
(624000,'Cedric Saenz','cedric.saenz@coopealpes.com'),
(299498,'Eliecer Castro','eliecer.castro@coopealpes.com'),
(623763,'Ronald Centeno','ronald.centeno@coopealpes.com'),
(623461,'Valery Martinez','valery.martinez@coopealpes.com'),
(2752273,'Amet Guillen','amet.guillen@coopealpes.com'),
(623046,'Miguel Fernandez','miguel.fernandez@coopealpes.com'),
(624074,'Johnny Jimenez','johnny.jimenez@coopealpes.com'),
(623844,'Michael Otarola','michael.otarola@coopealpes.com'),
(623023,'Ambar Sanchez','ambar.sanchez@coopealpes.com'),
(623888,'Yeudy Araya','yeudy.araya@coopealpes.com'),
(624711,'Patsy Garcia','patsy.garcia@coopealpes.com'),
(623408,'Alejandra Mora','alejandra.mora@coopealpes.com'),
(624011,'Roberto Ramirez','roberto.ramirez@coopealpes.com'),
(623537,'Kirlian Rodriguez','kirlian.rodriguez@coopealpes.com'),
(624055,'Javier Montes','javier.montes@coopealpes.com'),
(623103,'Victor Umańa','victor.umańa@coopealpes.com'),
(299425,'Jurguen Dueńo','jurguen.dueńo@coopealpes.com'),
(623683,'Wendy Abarca','wendy.abarca@coopealpes.com'),
(299414,'Berni Corrales','berni.corrales@coopealpes.com'),
(301033,'Adriana Diaz','adriana.diaz@coopealpes.com'),
(623796,'Maria Araya','maria.araya@coopealpes.com'),
(298630,'Adrian Arias','adrian.arias@coopealpes.com'),
(623897,'Flor Arguedas','flor.arguedas@coopealpes.com'),
(623818,'Naydelin Abarca','naydelin.abarca@coopealpes.com'),
(624817,'Valery Otarola','valery.otarola@coopealpes.com'),
(2422250,'Rodolfo Serrano','rodolfo.serrano@coopealpes.com'),
(300876,'Oquithzin ','oquithzin.@coopealpes.com'),
(623819,'Mauricio Quiros','mauricio.quiros@coopealpes.com'),
(623666,'Wendy Salas','wendy.salas@coopealpes.com'),
(623922,'Dixon Vado','dixon.vado@coopealpes.com'),
(623074,'Norma Cordoba','norma.cordoba@coopealpes.com'),
(623144,'Maria Mesen','maria.mesen@coopealpes.com'),
(301151,'Sasha Rojas','sasha.rojas@coopealpes.com'),
(623244,'Annie Ureńa','annie.ureńa@coopealpes.com'),
(623776,'Carlos Obregon','carlos.obregon@coopealpes.com'),
(299455,'John Araya','john.araya@coopealpes.com'),
(623885,'Frank Rios','frank.rios@coopealpes.com'),
(623727,'Morgan Alpizar','morgan.alpizar@coopealpes.com'),
(623415,'Alfredo Chacon','alfredo.chacon@coopealpes.com'),
(299450,'Rita Monge','rita.monge@coopealpes.com'),
(623487,'Bryan Maroto','bryan.maroto@coopealpes.com'),
(300959,'Jean Paniagua','jean.paniagua@coopealpes.com'),
(624062,'Alexis Guevara','alexis.guevara@bancopremier.com'),
(624592,'Jose Cajina','jose.cajina@bancopremier.com'),
(310770,'Royer Espinoza','royer.espinoza@bancopremier.com'),
(624914,'Wilberto Trejos','wilberto.trejos@bancopremier.com'),
(623420,'Gilma Morales','gilma.morales@bancopremier.com'),
(624682,'Jerry Fallas','jerry.fallas@bancopremier.com'),
(623317,'Sergio Rojas','sergio.rojas@bancopremier.com'),
(623323,'Jeanette Duran','jeanette.duran@bancopremier.com'),
(624690,'Juan Cienfuegos','juan.cienfuegos@bancopremier.com'),
(299401,'Gaudy Orozco','gaudy.orozco@bancopremier.com'),
(624651,'Gerardo Sanchez','gerardo.sanchez@bancopremier.com'),
(623270,'Judith Quesada','judith.quesada@bancopremier.com'),
(2361969,'Adilia Solis','adilia.solis@bancopremier.com'),
(623616,'Jose Rojas','jose.rojas@bancopremier.com'),
(299485,'Emely Bermudez','emely.bermudez@bancopremier.com'),
(300022,'Marco Quesada','marco.quesada@bancopremier.com'),
(310827,'Letcy Guido','letcy.guido@bancopremier.com'),
(623939,'Alvaro Coto','alvaro.coto@bancopremier.com'),
(623767,'Teresita Zamora','teresita.zamora@bancopremier.com'),
(299366,'Jordy Segura','jordy.segura@bancopremier.com'),
(300586,'Suhey Garita','suhey.garita@bancopremier.com'),
(624527,'Michelle Hernandez','michelle.hernandez@bancopremier.com'),
(623895,'Paola Juarez','paola.juarez@bancopremier.com'),
(623919,'Damaris Navarro','damaris.navarro@bancopremier.com'),
(623941,'Danae Martinez','danae.martinez@bancopremier.com'),
(300613,'Ronald Elizondo','ronald.elizondo@bancopremier.com'),
(310792,'Sara Alvarado','sara.alvarado@bancopremier.com'),
(624519,'Silvia Valverde','silvia.valverde@bancopremier.com'),
(624052,'Cristian Ortega','cristian.ortega@bancopremier.com'),
(2812239,'Joao Moreira','joao.moreira@bancopremier.com'),
(623219,'Crystal Chacaltana','crystal.chacaltana@bancopremier.com'),
(623001,'Wendy Diaz','wendy.diaz@bancopremier.com'),
(624795,'Walter Solorzano','walter.solorzano@bancopremier.com'),
(623523,'Cristal Angeles','cristal.angeles@bancopremier.com'),
(298577,'Aaron Marin','aaron.marin@bancopremier.com'),
(623993,'Marianela Angeles','marianela.angeles@bancopremier.com'),
(299418,'Josue Espinoza','josue.espinoza@bancopremier.com'),
(298433,'Ingrid Brenes','ingrid.brenes@bancopremier.com'),
(624960,'Uriel Ruiz','uriel.ruiz@bancopremier.com'),
(623143,'Aharon Amador','aharon.amador@bancopremier.com'),
(624982,'Ivonne Perez','ivonne.perez@bancopremier.com'),
(623385,'Warner Porras','warner.porras@bancopremier.com'),
(623014,'Carlos Bolańos','carlos.bolańos@bancopremier.com'),
(623186,'Yerick Viales','yerick.viales@bancopremier.com'),
(623360,'Ismael Sanchez','ismael.sanchez@bancopremier.com'),
(624036,'Adriana Collado','adriana.collado@bancopremier.com'),
(300841,'Christian Gamboa','christian.gamboa@bancopremier.com'),
(300945,'Heiner Vilchez','heiner.vilchez@bancopremier.com'),
(623639,'Vivian Jimenez','vivian.jimenez@bancopremier.com'),
(624485,'David Venegas','david.venegas@bancopremier.com'),
(624805,'Eliezer Gaitan','eliezer.gaitan@bancopremier.com'),
(624624,'Luis Rojas','luis.rojas@bancopremier.com'),
(623805,'Brandon Martinez','brandon.martinez@bancopremier.com'),
(623833,'Marlon Salas','marlon.salas@bancopremier.com'),
(623467,'Itsic Aguilar','itsic.aguilar@bancopremier.com'),
(623423,'Pablo Fernandez','pablo.fernandez@bancopremier.com'),
(623548,'Stephanie Castro','stephanie.castro@bancopremier.com'),
(623759,'Jeaustin Viquez','jeaustin.viquez@bancopremier.com'),
(1588953,'Karla Gutierrez','karla.gutierrez@bancopremier.com'),
(623850,'Michele Murillo','michele.murillo@bancopremier.com'),
(623331,'Tatiana Castillo','tatiana.castillo@bancopremier.com'),
(624712,'Pilar Barragan','pilar.barragan@bancopremier.com'),
(623584,'Gilberto Salas','gilberto.salas@bancopremier.com'),
(299499,'Kirsha Ramirez','kirsha.ramirez@bancopremier.com');

INSERT INTO Sucursal (id_sucursal, ubicacion) VALUES
(1, 'Heredia'),
(2, 'San José'),
(3, 'San José'),
(4, 'Alajuela'),
(5, 'Cartago'),
(6, 'San José'),
(7, 'Alajuela'),
(8, 'Guanacaste'),
(9, 'Limón'),
(10, 'San José'),
(11, 'Cartago'),
(12, 'Heredia'),
(13, 'Heredia'),
(14, 'Alajuela'),
(15, 'San José'),
(16, 'Cartago'),
(17, 'Limón'),
(18, 'Alajuela'),
(19, 'Heredia'),
(20, 'San José');

INSERT INTO Empleados (id_empleado, nombre_empleado, fecha_ingreso, id_sucursal) VALUES
(1, 'Carlos Rodríguez', '2022-01-15', 1),
(2, 'María González', '2021-12-03', 2),
(3, 'Luis Morales', '2023-03-22', 3),
(4, 'Ana Vargas', '2020-11-18', 4),
(5, 'José Ramírez', '2022-07-01', 5),
(6, 'Laura Jiménez', '2021-09-09', 6),
(7, 'Pablo Herrera', '2023-02-14', 7),
(8, 'Diana Castro', '2022-04-05', 8),
(9, 'Andrés Céspedes', '2020-06-21', 9),
(10, 'Karen Ureńa', '2021-01-10', 10),
(11, 'Esteban Brenes', '2023-01-19', 11),
(12, 'Melisa Salazar', '2022-10-30', 12),
(13, 'Ricardo Soto', '2023-05-17', 13),
(14, 'Tatiana Porras', '2021-04-28', 14),
(15, 'Kevin Mora', '2020-08-15', 15),
(16, 'Alejandra Méndez', '2022-03-27', 16),
(17, 'Manuel Araya', '2021-07-07', 17),
(18, 'Sofía Calderón', '2023-06-11', 18),
(19, 'Javier Chacón', '2022-11-25', 19),
(20, 'Natalia Rojas', '2021-02-13', 20);

INSERT INTO Sistema (id_usuario, fecha_creacion, id_empleado) VALUES
(18575, '2022-01-15', 1),
(18568, '2021-12-03', 2),
(18756, '2023-03-22', 3),
(18547, '2020-11-18', 4),
(18456, '2022-07-01', 5),
(18457, '2021-09-09', 6),
(18452, '2023-02-14', 7),
(18356, '2022-04-05', 8),
(18685, '2020-06-21', 9),
(18236, '2021-01-10', 10),
(18985, '2023-01-19', 11),
(18475, '2022-10-30', 12),
(18294, '2023-05-17', 13),
(18286, '2021-04-28', 14),
(18845, '2020-08-15', 15),
(18443, '2022-03-27', 16),
(18112, '2021-07-07', 17),
(18223, '2023-06-11', 18),
(18992, '2022-11-25', 19),
(18995, '2021-02-13', 20);

INSERT INTO Ventas (id_venta, fecha_venta, id_cliente, id_sucursal) VALUES
(1, '2022-04-23', 623818, 19),
(2, '2021-10-10', 624117, 1),
(3, '2021-05-26', 310836, 12),
(4, '2022-10-21', 623846, 20),
(5, '2022-05-16', 310836, 5),
(6, '2023-03-23', 624618, 10),
(7, '2021-09-09', 624869, 7),
(8, '2023-05-03', 623523, 5),
(9, '2021-05-10', 299761, 20),
(10, '2023-06-20', 310720, 19),
(11, '2022-05-25', 623475, 13),
(12, '2022-02-18', 623655, 20),
(13, '2023-06-14', 310770, 10),
(14, '2023-04-07', 299450, 14),
(15, '2022-12-23', 623768, 18),
(16, '2022-12-13', 624548, 10),
(17, '2023-01-24', 623118, 2),
(18, '2021-05-01', 300876, 3),
(19, '2023-05-11', 300991, 9),
(20, '2021-11-21', 301906, 11),
(21, '2021-06-04', 300600, 11),
(22, '2021-12-12', 624972, 15),
(23, '2022-02-27', 623892, 4),
(24, '2022-11-03', 623033, 8),
(25, '2023-05-21', 299502, 8),
(26, '2023-03-24', 623916, 14),
(27, '2022-02-17', 623192, 3),
(28, '2022-07-31', 624651, 7),
(29, '2021-05-03', 624506, 14),
(30, '2023-03-12', 299425, 20),
(31, '2021-10-20', 623857, 8),
(32, '2022-07-08', 624394, 9),
(33, '2023-01-27', 624592, 2),
(34, '2022-08-21', 623270, 7),
(35, '2021-02-01', 623331, 15),
(36, '2022-09-05', 2489731, 14),
(37, '2023-01-03', 623846, 20),
(38, '2021-05-01', 301033, 16),
(39, '2021-09-13', 623023, 2),
(40, '2022-01-21', 300600, 18),
(41, '2022-05-05', 623574, 4),
(42, '2022-02-03', 624117, 12),
(43, '2023-02-02', 623584, 7),
(44, '2022-01-16', 624485, 20),
(45, '2022-07-14', 299425, 20),
(46, '2021-02-26', 624630, 20),
(47, '2021-07-15', 310378, 7),
(48, '2021-06-27', 624055, 20),
(49, '2022-07-14', 623939, 4),
(50, '2023-06-19', 299761, 19),
(51, '2021-10-15', 623033, 14),
(52, '2023-04-27', 623185, 17),
(53, '2021-06-24', 624080, 10),
(54, '2022-05-21', 624586, 10),
(55, '2021-03-03', 299416, 12),
(56, '2022-11-26', 624955, 6),
(57, '2021-12-13', 624955, 9),
(58, '2023-02-24', 624519, 5),
(59, '2023-04-30', 623779, 12),
(60, '2021-01-07', 623258, 19),
(61, '2022-07-27', 624651, 9),
(62, '2022-05-19', 624618, 4),
(63, '2021-09-19', 298630, 2),
(64, '2021-08-29', 623249, 18),
(65, '2022-05-02', 2704115, 4),
(66, '2022-11-19', 624506, 20),
(67, '2021-06-15', 310816, 1),
(68, '2022-12-21', 300840, 8),
(69, '2022-06-02', 624833, 2),
(70, '2023-01-03', 2731703, 20),
(71, '2023-04-12', 624869, 18),
(72, '2023-03-27', 300960, 17),
(73, '2021-05-15', 623199, 9),
(74, '2022-05-03', 623382, 18),
(75, '2023-03-17', 623675, 18),
(76, '2021-01-23', 624063, 7),
(77, '2021-04-01', 301014, 16),
(78, '2022-03-02', 623408, 6),
(79, '2022-09-05', 623001, 7),
(80, '2023-05-23', 623537, 20),
(81, '2022-02-20', 623258, 14),
(82, '2021-08-16', 623823, 5),
(83, '2021-07-14', 623625, 1),
(84, '2022-05-06', 300613, 16),
(85, '2021-10-16', 624082, 3),
(86, '2023-02-06', 624044, 6),
(87, '2022-12-23', 623710, 6),
(88, '2022-06-16', 298433, 8),
(89, '2022-10-22', 623219, 5),
(90, '2021-05-13', 623409, 14),
(91, '2021-08-03', 623590, 7),
(92, '2022-08-03', 623763, 3),
(93, '2022-10-18', 624786, 4),
(94, '2023-04-18', 623941, 12),
(95, '2023-02-16', 623463, 5),
(96, '2021-04-29', 623522, 10),
(97, '2022-11-03', 623467, 6),
(98, '2022-02-13', 623460, 10),
(99, '2022-10-11', 623939, 19),
(100, '2022-01-30', 623312, 16),
(101, '2022-11-09', 299401, 18),
(102, '2022-04-07', 624579, 11),
(103, '2022-03-16', 623331, 13),
(104, '2023-02-01', 623333, 5),
(105, '2022-12-23', 2712721, 1),
(106, '2022-03-22', 623460, 18),
(107, '2023-03-31', 623490, 3),
(108, '2021-09-07', 623679, 20),
(109, '2022-09-01', 301151, 15),
(110, '2021-11-09', 299485, 14),
(111, '2023-03-07', 2731703, 14),
(112, '2021-06-26', 301048, 17),
(113, '2021-05-21', 624687, 13),
(114, '2022-10-05', 623460, 18),
(115, '2022-06-13', 623054, 16),
(116, '2021-11-29', 623997, 17),
(117, '2022-08-01', 298288, 6),
(118, '2023-01-12', 310646, 10),
(119, '2022-03-22', 623993, 16),
(120, '2021-09-16', 623930, 17),
(121, '2023-03-19', 623408, 20),
(122, '2021-02-14', 623687, 16),
(123, '2022-01-10', 624786, 2),
(124, '2022-03-21', 299397, 1),
(125, '2021-10-15', 299562, 1),
(126, '2021-08-27', 301151, 11),
(127, '2022-05-27', 624117, 6),
(128, '2023-01-31', 623993, 5),
(129, '2022-02-03', 623993, 9),
(130, '2022-01-10', 623838, 1),
(131, '2022-11-23', 624711, 12),
(132, '2022-10-09', 299455, 6),
(133, '2022-01-16', 623832, 7),
(134, '2021-07-20', 624915, 20),
(135, '2022-12-02', 623722, 17),
(136, '2021-09-08', 299562, 18),
(137, '2021-10-09', 623710, 17),
(138, '2022-10-03', 623768, 14),
(139, '2021-09-13', 624914, 15),
(140, '2021-03-06', 623428, 11),
(141, '2021-06-14', 300586, 10),
(142, '2022-05-26', 623286, 6),
(143, '2021-09-07', 301015, 13),
(144, '2021-03-22', 301015, 18),
(145, '2022-06-20', 624820, 6),
(146, '2021-02-25', 624651, 6),
(147, '2022-08-12', 623590, 7),
(148, '2021-04-30', 624618, 10),
(149, '2021-02-27', 624813, 16),
(150, '2021-12-06', 624082, 10),
(151, '2022-07-10', 623776, 1),
(152, '2022-05-16', 623264, 8),
(153, '2022-06-17', 624117, 6),
(154, '2021-07-20', 300868, 4),
(155, '2021-10-27', 299761, 17),
(156, '2022-09-03', 624036, 5),
(157, '2021-06-19', 623885, 13),
(158, '2023-03-29', 623805, 17),
(159, '2022-07-28', 624813, 7),
(160, '2022-05-22', 623421, 18),
(161, '2022-08-26', 624612, 19),
(162, '2023-01-15', 301151, 2),
(163, '2022-01-17', 624914, 13),
(164, '2022-11-21', 298577, 20),
(165, '2022-05-11', 623111, 12),
(166, '2022-01-11', 623264, 20),
(167, '2022-09-05', 301041, 15),
(168, '2022-10-01', 623264, 13),
(169, '2023-01-10', 301014, 19),
(170, '2022-12-09', 624011, 7),
(171, '2022-02-23', 623490, 11),
(172, '2023-01-14', 299499, 6),
(173, '2022-08-07', 624869, 10),
(174, '2022-01-05', 623688, 19),
(175, '2022-09-22', 623930, 15),
(176, '2022-09-19', 623219, 4),
(177, '2022-06-15', 623972, 20),
(178, '2021-09-12', 624972, 20),
(179, '2023-01-31', 300983, 19),
(180, '2023-02-21', 299388, 1),
(181, '2021-04-03', 623763, 14),
(182, '2023-05-09', 624737, 8),
(183, '2021-04-11', 624036, 4),
(184, '2022-02-06', 623417, 4),
(185, '2023-06-06', 623487, 19),
(186, '2023-01-17', 310816, 9),
(187, '2022-09-11', 310646, 2),
(188, '2022-01-19', 299418, 1),
(189, '2021-08-28', 301039, 12),
(190, '2022-12-23', 624965, 17),
(191, '2021-02-01', 623833, 17),
(192, '2021-05-10', 624666, 16),
(193, '2023-04-05', 623846, 2),
(194, '2021-11-16', 623818, 3),
(195, '2022-09-06', 624618, 18),
(196, '2022-06-10', 301041, 15),
(197, '2022-01-11', 299772, 4),
(198, '2023-03-28', 623892, 17),
(199, '2021-10-10', 623887, 14),
(200, '2023-06-10', 623844, 2),
(201, '2022-06-28', 624955, 9),
(202, '2023-04-08', 2489731, 19),
(203, '2021-08-25', 623467, 2),
(204, '2022-01-14', 623761, 12),
(205, '2021-02-17', 300959, 8),
(206, '2021-11-28', 623936, 14),
(207, '2021-08-23', 624684, 12),
(208, '2022-02-01', 624823, 19),
(209, '2023-04-27', 298577, 15),
(210, '2022-08-13', 623317, 9),
(211, '2023-01-18', 624063, 19),
(212, '2022-03-26', 623591, 7),
(213, '2021-09-21', 300773, 1),
(214, '2021-12-16', 623331, 12),
(215, '2022-06-11', 299414, 8),
(216, '2021-04-10', 299401, 4),
(217, '2023-01-30', 300960, 7),
(218, '2021-11-16', 300022, 11),
(219, '2021-03-04', 623832, 12),
(220, '2021-04-19', 2731667, 14),
(221, '2021-08-31', 299457, 5),
(222, '2021-06-20', 623864, 19),
(223, '2022-12-02', 623461, 6),
(224, '2021-12-05', 623838, 13),
(225, '2021-11-02', 2361969, 16),
(226, '2023-06-05', 624972, 8),
(227, '2021-04-29', 624891, 9),
(228, '2022-12-24', 623014, 1),
(229, '2022-05-11', 300773, 9),
(230, '2022-10-30', 623475, 7),
(231, '2023-04-11', 623331, 2),
(232, '2022-09-07', 623584, 17),
(233, '2022-07-30', 623655, 17),
(234, '2023-04-18', 624693, 6),
(235, '2022-01-28', 623565, 9),
(236, '2023-04-13', 299502, 12),
(237, '2022-12-09', 623846, 10),
(238, '2021-11-06', 623840, 16),
(239, '2022-11-28', 623727, 7),
(240, '2021-09-20', 624774, 19),
(241, '2022-06-08', 623748, 9),
(242, '2021-09-05', 623421, 6),
(243, '2023-04-03', 623997, 2),
(244, '2021-05-04', 623687, 5),
(245, '2021-10-02', 623972, 15),
(246, '2022-04-07', 299577, 16),
(247, '2022-09-01', 624820, 2),
(248, '2021-07-19', 624548, 4),
(249, '2023-02-07', 298265, 7),
(250, '2021-12-25', 623235, 20),
(251, '2022-09-30', 300876, 4),
(252, '2021-09-26', 299502, 15),
(253, '2021-06-08', 310628, 7),
(254, '2021-04-23', 624114, 15),
(255, '2022-08-21', 624637, 2),
(256, '2022-10-09', 301910, 15),
(257, '2022-10-15', 300613, 9),
(258, '2021-11-30', 2489731, 20),
(259, '2022-08-19', 623219, 15),
(260, '2022-12-06', 624666, 6),
(261, '2021-01-09', 299450, 9),
(262, '2023-04-30', 623986, 6),
(263, '2022-11-21', 623467, 15),
(264, '2021-12-31', 2712721, 17),
(265, '2023-02-22', 300983, 18),
(266, '2023-05-23', 623620, 18),
(267, '2023-01-30', 623499, 18),
(268, '2021-08-16', 624491, 5),
(269, '2022-09-09', 298216, 15),
(270, '2022-02-18', 623522, 12),
(271, '2022-11-15', 299487, 15),
(272, '2022-11-09', 623987, 12),
(273, '2022-02-08', 300841, 4),
(274, '2022-10-12', 623212, 13),
(275, '2022-11-05', 623263, 19),
(276, '2021-06-08', 624795, 15),
(277, '2022-02-02', 301048, 16),
(278, '2023-02-21', 623635, 5),
(279, '2022-04-11', 299487, 9),
(280, '2023-06-06', 624624, 4),
(281, '2022-09-25', 624827, 8),
(282, '2022-11-03', 299366, 17),
(283, '2021-04-08', 2704115, 18),
(284, '2022-07-06', 2361969, 13),
(285, '2022-10-01', 2354593, 16),
(286, '2022-12-13', 624687, 1),
(287, '2021-03-06', 623922, 7),
(288, '2021-06-27', 301014, 8),
(289, '2023-02-19', 623823, 16),
(290, '2021-03-07', 624827, 8),
(291, '2021-08-12', 623212, 18),
(292, '2021-10-06', 298216, 9),
(293, '2021-07-06', 624509, 5),
(294, '2021-03-24', 624057, 7),
(295, '2022-07-15', 624869, 4),
(296, '2021-12-20', 623857, 7),
(297, '2022-12-05', 623532, 10),
(298, '2022-03-03', 624454, 9),
(299, '2022-04-17', 623033, 18),
(300, '2022-09-07', 2731667, 12),
(301, '2022-06-13', 624612, 13),
(302, '2021-12-24', 623919, 7),
(303, '2022-11-09', 623360, 10),
(304, '2021-03-01', 624833, 17),
(305, '2022-11-22', 624100, 10),
(306, '2021-04-01', 624870, 1),
(307, '2022-09-18', 623417, 18),
(308, '2023-03-16', 623532, 2),
(309, '2021-03-15', 623144, 18),
(310, '2023-02-15', 299280, 1),
(311, '2022-12-10', 301151, 4),
(312, '2023-01-16', 623500, 8),
(313, '2022-01-15', 624651, 1),
(314, '2021-04-04', 624807, 4),
(315, '2023-01-28', 310792, 4),
(316, '2022-01-13', 624044, 19),
(317, '2022-12-28', 623972, 3),
(318, '2022-11-23', 623895, 19),
(319, '2022-08-01', 623687, 18),
(320, '2023-03-19', 300876, 13),
(321, '2022-01-09', 623307, 11),
(322, '2021-01-18', 624011, 16),
(323, '2023-04-25', 623307, 8),
(324, '2021-07-18', 623776, 2),
(325, '2023-05-03', 300960, 20),
(326, '2021-10-18', 299450, 7),
(327, '2021-12-19', 299499, 11),
(328, '2023-04-21', 624666, 8),
(329, '2023-02-06', 623846, 15),
(330, '2023-05-30', 624011, 19),
(331, '2022-08-08', 624635, 9),
(332, '2021-10-26', 623679, 2),
(333, '2022-05-16', 623776, 1),
(334, '2023-05-19', 623584, 6),
(335, '2021-03-20', 623768, 15),
(336, '2022-08-11', 623417, 18),
(337, '2022-11-25', 2812413, 5),
(338, '2021-02-09', 300600, 12),
(339, '2022-01-16', 623235, 13),
(340, '2021-02-16', 623941, 8),
(341, '2021-07-03', 623490, 2),
(342, '2022-02-23', 299577, 19),
(343, '2022-09-14', 623722, 17),
(344, '2022-04-12', 624675, 8),
(345, '2021-04-10', 623664, 17),
(346, '2022-09-18', 624055, 8),
(347, '2022-01-23', 624055, 15),
(348, '2022-08-31', 623823, 20),
(349, '2023-02-20', 624491, 4),
(350, '2021-08-27', 2731703, 19),
(351, '2021-01-02', 300983, 4),
(352, '2023-05-22', 623760, 5),
(353, '2021-08-23', 625118, 10),
(354, '2022-05-11', 299450, 4),
(355, '2022-06-07', 624612, 14),
(356, '2022-04-16', 624074, 16),
(357, '2021-01-02', 624688, 1),
(358, '2022-03-21', 624630, 11),
(359, '2022-08-28', 623333, 3),
(360, '2021-01-25', 623919, 15),
(361, '2021-06-11', 623023, 9),
(362, '2021-06-01', 299577, 5),
(363, '2023-02-12', 623323, 10),
(364, '2021-11-30', 623925, 20),
(365, '2022-04-20', 300945, 8),
(366, '2021-06-18', 623046, 12),
(367, '2021-06-22', 2731703, 16),
(368, '2022-02-21', 623177, 9),
(369, '2023-05-29', 624712, 11),
(370, '2022-03-07', 623074, 19),
(371, '2021-11-24', 300996, 19),
(372, '2022-07-14', 623522, 14),
(373, '2023-04-28', 298577, 8),
(374, '2021-10-15', 2731667, 17),
(375, '2021-08-13', 623608, 6),
(376, '2022-03-16', 623369, 2),
(377, '2021-11-04', 623467, 9),
(378, '2021-08-27', 298216, 17),
(379, '2021-01-18', 301014, 9),
(380, '2022-07-26', 301151, 18),
(381, '2023-01-19', 624829, 2),
(382, '2021-05-26', 624833, 16),
(383, '2022-10-21', 623069, 19),
(384, '2022-08-27', 623899, 6),
(385, '2022-01-14', 299455, 16),
(386, '2023-04-23', 623244, 8),
(387, '2021-02-11', 623779, 18),
(388, '2021-03-31', 624682, 16),
(389, '2023-03-03', 310836, 9),
(390, '2021-01-06', 300841, 1),
(391, '2022-11-21', 2462129, 8),
(392, '2021-11-09', 623264, 10),
(393, '2023-02-26', 623722, 10),
(394, '2022-05-06', 623421, 12),
(395, '2021-05-07', 623625, 2),
(396, '2022-11-20', 623046, 11),
(397, '2023-05-05', 623270, 3),
(398, '2022-07-19', 624592, 19),
(399, '2022-10-16', 299593, 4),
(400, '2023-06-18', 624690, 2);

INSERT INTO Detalle_Venta (id_venta, id_producto, cantidad) VALUES
(1, 855569, 9),
(1, 855565, 8),
(2, 959462, 4),
(3, 1011935, 1),
(4, 855531, 1),
(4, 924855, 9),
(4, 855567, 9),
(5, 1011940, 8),
(5, 955875, 2),
(5, 820641, 8),
(6, 946695, 1),
(6, 855570, 3),
(7, 924855, 2),
(7, 820631, 4),
(7, 855596, 6),
(8, 855537, 10),
(8, 855571, 5),
(8, 855548, 7),
(9, 820478, 7),
(9, 855609, 10),
(9, 836964, 3),
(10, 958272, 4),
(11, 855550, 5),
(12, 820640, 8),
(12, 1028561, 5),
(12, 946533, 4),
(13, 821666, 10),
(13, 855535, 7),
(13, 855567, 3),
(14, 955499, 9),
(15, 855577, 1),
(15, 946533, 5),
(15, 922104, 7),
(16, 855557, 7),
(17, 855615, 7),
(17, 1009246, 9),
(18, 821666, 8),
(18, 959460, 3),
(18, 948687, 6),
(19, 855606, 7),
(20, 855557, 6),
(21, 855618, 9),
(21, 855532, 6),
(21, 855563, 2),
(22, 882983, 7),
(23, 1011935, 3),
(24, 820501, 3),
(25, 855622, 4),
(25, 854090, 6),
(26, 990865, 6),
(26, 820493, 3),
(26, 855569, 9),
(27, 836964, 4),
(27, 820640, 1),
(27, 946532, 5),
(28, 855537, 5),
(29, 820507, 5),
(29, 820487, 2),
(30, 1011940, 4),
(30, 820590, 6),
(31, 948688, 10),
(31, 820518, 9),
(31, 820643, 7),
(32, 1040169, 10),
(32, 820591, 9),
(33, 855529, 5),
(34, 958270, 1),
(35, 820616, 3),
(35, 958270, 10),
(35, 820571, 9),
(36, 855629, 8),
(36, 820594, 2),
(37, 855604, 10),
(37, 820571, 3),
(37, 927164, 5),
(38, 927164, 1),
(39, 1011796, 2),
(40, 855608, 4),
(40, 855546, 8),
(41, 948688, 9),
(41, 948687, 10),
(41, 923758, 5),
(42, 820639, 4),
(42, 855556, 5),
(43, 855600, 7),
(44, 820582, 7),
(44, 948697, 3),
(45, 855605, 8),
(45, 855545, 8),
(45, 855614, 3),
(46, 855547, 6),
(46, 1028570, 1),
(47, 958272, 8),
(47, 927164, 8),
(48, 855608, 10),
(48, 855569, 5),
(48, 855529, 2),
(49, 855580, 5),
(49, 836963, 10),
(50, 855604, 6),
(50, 855541, 8),
(50, 836963, 10),
(51, 855571, 8),
(51, 962487, 5),
(52, 820482, 7),
(53, 855565, 5),
(54, 820590, 8),
(54, 820499, 7),
(54, 855527, 2),
(55, 820553, 8),
(56, 820639, 7),
(56, 855615, 2),
(56, 855532, 4),
(57, 922103, 1),
(58, 820571, 8),
(58, 855565, 8),
(58, 820563, 6),
(59, 882984, 7),
(59, 855615, 7),
(59, 948694, 1),
(60, 1011940, 6),
(60, 820491, 1),
(60, 948693, 1),
(61, 855563, 3),
(62, 820555, 3),
(62, 1005702, 3),
(62, 855609, 3),
(63, 1011935, 4),
(63, 962486, 6),
(64, 820553, 5),
(64, 855551, 7),
(64, 820631, 6),
(65, 1040169, 5),
(65, 855582, 8),
(66, 958272, 10),
(66, 855533, 4),
(67, 995466, 6),
(68, 855605, 10),
(69, 820553, 8),
(70, 820499, 10),
(71, 855626, 10),
(72, 855607, 4),
(72, 948695, 10),
(73, 820590, 1),
(73, 820518, 5),
(74, 855572, 8),
(75, 1028564, 1),
(75, 855603, 6),
(76, 1040170, 6),
(76, 1000807, 10),
(76, 855572, 1),
(77, 855551, 3),
(78, 855605, 6),
(79, 855629, 9),
(79, 820544, 1),
(80, 820490, 6),
(80, 1040170, 6),
(81, 836963, 9),
(81, 855596, 8),
(81, 820639, 5),
(82, 855578, 3),
(82, 820625, 3),
(82, 948697, 2),
(83, 820518, 1),
(84, 855528, 5),
(84, 882984, 4),
(84, 990865, 10),
(85, 924855, 10),
(85, 855554, 3),
(86, 1011940, 6),
(86, 855611, 10),
(87, 855559, 6),
(87, 924855, 5),
(87, 855611, 7),
(88, 855615, 3),
(89, 924857, 9),
(90, 820518, 9),
(90, 855628, 3),
(91, 855527, 1),
(91, 855600, 5),
(92, 990865, 4),
(92, 1028570, 10),
(92, 820482, 10),
(93, 820613, 8),
(94, 959460, 7),
(94, 855541, 2),
(95, 855562, 3),
(96, 836963, 9),
(96, 820553, 5),
(96, 820535, 3),
(97, 882984, 4),
(97, 927164, 1),
(98, 855604, 2),
(99, 955877, 8),
(99, 962486, 6),
(99, 820491, 10),
(100, 855562, 9),
(100, 820528, 5),
(101, 855571, 6),
(101, 948695, 3),
(101, 1009246, 1),
(102, 948692, 9),
(102, 855573, 6),
(103, 855581, 1),
(103, 855577, 9),
(103, 855555, 1),
(104, 948692, 2),
(105, 820640, 8),
(106, 836962, 9),
(106, 820590, 8),
(106, 855623, 3),
(107, 836964, 1),
(108, 955873, 8),
(108, 855628, 9),
(108, 855609, 2),
(109, 820640, 1),
(109, 1011940, 6),
(109, 955877, 10),
(110, 820566, 10),
(110, 855622, 7),
(111, 855549, 1),
(111, 855613, 4),
(111, 959460, 9),
(112, 1009246, 5),
(112, 855606, 7),
(112, 855625, 9),
(113, 948697, 8),
(113, 855533, 10),
(114, 946695, 4),
(115, 820639, 2),
(115, 820568, 8),
(115, 855576, 1),
(116, 855547, 9),
(117, 820518, 5),
(117, 820553, 5),
(118, 948692, 8),
(119, 882983, 9),
(119, 820642, 8),
(119, 955372, 1),
(120, 855622, 4),
(120, 948689, 9),
(120, 836964, 5),
(121, 855615, 7),
(122, 820545, 7),
(122, 946532, 7),
(122, 990865, 3),
(123, 820528, 9),
(124, 855606, 10),
(124, 820528, 8),
(124, 855534, 8),
(125, 820616, 1),
(125, 948697, 10),
(126, 836963, 10),
(127, 855565, 3),
(128, 855616, 7),
(128, 963357, 1),
(129, 948694, 8),
(129, 836964, 10),
(129, 836963, 8),
(130, 855596, 6),
(130, 855579, 4),
(131, 955372, 6),
(132, 923758, 4),
(132, 855548, 6),
(132, 963357, 6),
(133, 855530, 9),
(133, 924857, 5),
(133, 854090, 9),
(134, 855615, 7),
(135, 820631, 4),
(136, 855555, 6),
(136, 820518, 8),
(137, 948696, 6),
(137, 855584, 3),
(137, 955372, 10),
(138, 820636, 10),
(139, 820518, 2),
(139, 836962, 9),
(139, 820640, 8),
(140, 855528, 9),
(141, 820563, 4),
(141, 855558, 6),
(142, 855566, 7),
(142, 855578, 7),
(143, 855618, 5),
(143, 955873, 5),
(143, 855629, 5),
(144, 855572, 8),
(145, 821666, 10),
(145, 923758, 5),
(146, 820582, 3),
(146, 924856, 1),
(147, 855565, 4),
(148, 855617, 10),
(148, 855543, 2),
(149, 855614, 6),
(149, 820481, 2),
(150, 855614, 7),
(150, 927164, 10),
(150, 855537, 3),
(151, 855549, 9),
(151, 855563, 9),
(152, 948692, 5),
(152, 855529, 3),
(153, 1009247, 2),
(153, 855623, 7),
(154, 820639, 5),
(154, 962486, 3),
(154, 855619, 6),
(155, 821666, 7),
(155, 855626, 3),
(155, 820490, 9),
(156, 948697, 2),
(156, 820664, 7),
(156, 1028564, 8),
(157, 855626, 5),
(157, 836963, 6),
(157, 855526, 9),
(158, 927166, 5),
(158, 995466, 5),
(159, 948695, 6),
(159, 882984, 7),
(159, 855553, 10),
(160, 855533, 3),
(160, 855528, 2),
(161, 820501, 9),
(161, 995466, 2),
(162, 1000807, 8),
(162, 855618, 1),
(162, 820483, 3),
(163, 820640, 10),
(163, 820564, 7),
(164, 855631, 2),
(164, 1040170, 10),
(164, 855536, 8),
(165, 855555, 7),
(165, 855606, 10),
(165, 855550, 10),
(166, 855604, 3),
(166, 1011940, 6),
(167, 820636, 8),
(167, 820536, 1),
(168, 855597, 8),
(168, 948688, 4),
(168, 820518, 4),
(169, 1009246, 9),
(169, 820613, 5),
(169, 855622, 3),
(170, 820509, 10),
(171, 855624, 4),
(171, 820545, 5),
(172, 855597, 8),
(173, 820643, 4),
(173, 963357, 5),
(173, 855564, 7),
(174, 855543, 2),
(175, 855609, 8),
(175, 855627, 8),
(175, 1009247, 1),
(176, 990865, 10),
(176, 855545, 4),
(176, 820636, 5),
(177, 882984, 7),
(177, 820569, 7),
(178, 820616, 3),
(179, 855582, 10),
(179, 1011937, 1),
(179, 855598, 6),
(180, 855582, 4),
(180, 855536, 3),
(181, 855542, 10),
(181, 855616, 10),
(181, 855544, 3),
(182, 820535, 7),
(182, 855596, 1),
(182, 855600, 5),
(183, 855618, 8),
(184, 820492, 5),
(184, 958270, 8),
(185, 855527, 5),
(185, 855626, 5),
(186, 855608, 3),
(186, 855550, 8),
(186, 855625, 2),
(187, 855550, 10),
(187, 820664, 6),
(187, 855564, 10),
(188, 946695, 4),
(188, 955372, 10),
(189, 855553, 3),
(189, 882983, 7),
(189, 855530, 1),
(190, 820532, 4),
(190, 820571, 1),
(190, 1005702, 7),
(191, 1000806, 1),
(191, 1011796, 10),
(192, 820569, 7),
(193, 855527, 4),
(193, 855573, 9),
(194, 855567, 8),
(194, 855615, 1),
(195, 1040170, 7),
(195, 820482, 10),
(196, 855545, 7),
(196, 855559, 3),
(196, 855557, 5),
(197, 820566, 8),
(197, 855551, 1),
(197, 855548, 4),
(198, 855538, 4),
(198, 820616, 3),
(199, 855563, 4),
(199, 955499, 6),
(200, 1009247, 10),
(200, 855598, 7),
(200, 855607, 8),
(201, 855529, 7),
(201, 855550, 10),
(201, 955875, 1),
(202, 855600, 1),
(202, 855531, 4),
(202, 959460, 2),
(203, 820535, 4),
(203, 855603, 7),
(203, 924857, 10),
(204, 855546, 1),
(204, 820582, 6),
(205, 820664, 1),
(206, 855547, 7),
(206, 820582, 9),
(206, 855526, 10),
(207, 820617, 8),
(207, 820613, 8),
(207, 1028570, 8),
(208, 948687, 7),
(208, 820641, 6),
(209, 855627, 9),
(210, 855599, 2),
(210, 855548, 8),
(211, 1040170, 5),
(212, 855553, 8),
(213, 922104, 10),
(213, 855603, 4),
(214, 990865, 8),
(215, 855616, 3),
(216, 820631, 7),
(216, 1000807, 4),
(217, 820536, 8),
(218, 1000806, 9),
(218, 855612, 7),
(219, 855537, 8),
(219, 855618, 5),
(220, 948694, 6),
(220, 948697, 8),
(220, 855628, 4),
(221, 820508, 6),
(222, 820639, 4),
(222, 946532, 6),
(223, 855533, 10),
(223, 820536, 2),
(224, 855583, 7),
(225, 855624, 8),
(225, 855621, 10),
(226, 855621, 3),
(227, 948689, 9),
(228, 820567, 2),
(229, 958270, 9),
(230, 927166, 8),
(230, 820618, 10),
(231, 820528, 1),
(231, 855631, 5),
(232, 855576, 8),
(232, 990865, 4),
(233, 820564, 4),
(233, 820544, 3),
(233, 855609, 3),
(234, 820548, 10),
(234, 820535, 9),
(235, 855614, 4),
(235, 1011937, 3),
(235, 820591, 5),
(236, 820639, 8),
(237, 1011935, 5),
(238, 820571, 9),
(239, 958270, 6),
(239, 958272, 7),
(240, 820591, 7),
(240, 855533, 7),
(240, 855570, 10),
(241, 820487, 10),
(241, 855534, 1),
(241, 855582, 2),
(242, 946532, 10),
(242, 820591, 5),
(243, 855606, 3),
(243, 855535, 6),
(244, 946533, 4),
(244, 820591, 1),
(244, 855621, 5),
(245, 820504, 1),
(245, 1040170, 2),
(246, 1028564, 4),
(246, 855564, 8),
(247, 855539, 1),
(248, 820567, 10),
(248, 836964, 5),
(249, 855526, 5),
(250, 855541, 5),
(250, 855597, 4),
(250, 855630, 9),
(251, 855573, 1),
(251, 820491, 2),
(252, 855538, 7),
(252, 820568, 4),
(252, 923758, 6),
(253, 855611, 2),
(253, 855564, 1),
(253, 855629, 10),
(254, 855557, 10),
(255, 820563, 8),
(255, 923758, 8),
(256, 855543, 4),
(256, 820509, 2),
(256, 1040169, 4),
(257, 990865, 8),
(258, 1040170, 10),
(259, 855577, 4),
(260, 962486, 6),
(260, 855562, 1),
(261, 855527, 3),
(261, 959461, 5),
(262, 820567, 5),
(262, 820631, 3),
(262, 855596, 10),
(263, 820582, 5),
(263, 855563, 5),
(264, 820491, 8),
(264, 855615, 2),
(264, 855578, 2),
(265, 948694, 2),
(266, 1009247, 10),
(267, 927166, 8),
(267, 820519, 6),
(267, 855570, 5),
(268, 962487, 9),
(268, 948693, 5),
(268, 821666, 8),
(269, 820544, 3),
(269, 855619, 9),
(270, 855577, 6),
(270, 855617, 4),
(270, 820518, 10),
(271, 820499, 8),
(271, 855527, 8),
(271, 1000807, 7),
(272, 855631, 4),
(273, 948690, 2),
(273, 855624, 2),
(274, 855621, 3),
(274, 948696, 5),
(275, 820534, 10),
(275, 820625, 9),
(276, 820531, 1),
(276, 855628, 1),
(276, 855613, 7),
(277, 820544, 4),
(278, 882983, 4),
(279, 948689, 7),
(280, 948687, 7),
(280, 1009247, 2),
(281, 855554, 3),
(282, 955873, 3),
(282, 836963, 6),
(282, 820640, 6),
(283, 820568, 5),
(284, 1011796, 7),
(284, 855579, 10),
(284, 927166, 10),
(285, 855570, 2),
(285, 820535, 3),
(286, 1011796, 3),
(286, 855538, 3),
(286, 820594, 4),
(287, 855628, 1),
(287, 948689, 2),
(288, 855553, 7),
(288, 1005702, 10),
(288, 820617, 3),
(289, 855570, 10),
(289, 1011935, 6),
(289, 855604, 3),
(290, 820664, 10),
(291, 855621, 3),
(291, 1011935, 2),
(292, 820555, 1),
(292, 958270, 9),
(292, 820591, 10),
(293, 820571, 3),
(294, 820544, 1),
(294, 922104, 10),
(295, 855621, 10),
(295, 855542, 7),
(295, 855567, 1),
(296, 855604, 1),
(296, 820643, 2),
(297, 855542, 5),
(298, 855604, 6),
(298, 855557, 5),
(298, 820501, 8),
(299, 955877, 10),
(299, 948696, 8),
(299, 1011934, 4),
(300, 855604, 3),
(301, 948687, 8),
(301, 855563, 1),
(301, 855606, 7),
(302, 959462, 1),
(302, 820491, 8),
(303, 948697, 2),
(303, 855528, 6),
(304, 855563, 1),
(304, 820504, 3),
(304, 948687, 8),
(305, 855630, 6),
(305, 922103, 5),
(306, 959460, 1),
(306, 855539, 7),
(306, 820534, 6),
(307, 855599, 3),
(307, 962487, 2),
(308, 1028564, 10),
(308, 927166, 4),
(308, 820519, 5),
(309, 820535, 7),
(309, 820519, 7),
(309, 1000806, 4),
(310, 855630, 5),
(310, 855534, 10),
(311, 820568, 10),
(311, 855555, 6),
(311, 820534, 8),
(312, 955877, 1),
(313, 836964, 2),
(313, 855571, 8),
(313, 820664, 2),
(314, 958270, 9),
(314, 820564, 5),
(314, 1011940, 5),
(315, 955875, 4),
(315, 855557, 6),
(316, 836964, 10),
(316, 820481, 7),
(317, 855603, 7),
(317, 855599, 8),
(317, 962487, 10),
(318, 855536, 4),
(318, 855548, 7),
(319, 855611, 7),
(319, 855607, 2),
(320, 855546, 10),
(320, 855537, 7),
(320, 820493, 10),
(321, 959461, 8),
(322, 855537, 10),
(322, 820593, 4),
(322, 855604, 10),
(323, 959460, 10),
(323, 855576, 10),
(324, 955873, 3),
(324, 855557, 7),
(324, 820481, 6),
(325, 820499, 2),
(325, 855607, 3),
(326, 882983, 4),
(326, 855563, 10),
(326, 1000807, 4),
(327, 855625, 9),
(327, 855535, 4),
(328, 855580, 3),
(328, 820553, 7),
(328, 820493, 6),
(329, 924857, 1),
(329, 820571, 1),
(329, 955873, 8),
(330, 922104, 8),
(331, 1000806, 5),
(331, 855557, 8),
(332, 855537, 9),
(332, 855557, 3),
(333, 820640, 9),
(333, 855608, 8),
(334, 820641, 1),
(335, 1011935, 2),
(335, 882983, 9),
(336, 836962, 8),
(336, 820564, 8),
(336, 946532, 10),
(337, 820507, 4),
(337, 948695, 4),
(337, 854090, 4),
(338, 855532, 7),
(339, 855536, 7),
(339, 855562, 6),
(340, 820613, 7),
(340, 820544, 6),
(341, 882983, 10),
(341, 820548, 4),
(341, 1005702, 2),
(342, 855527, 10),
(343, 1009247, 1),
(344, 855547, 9),
(344, 959461, 9),
(345, 820555, 7),
(345, 820532, 8),
(346, 855622, 10),
(346, 855564, 10),
(346, 924856, 6),
(347, 948688, 8),
(348, 1009246, 10),
(348, 855607, 8),
(348, 924855, 9),
(349, 820640, 2),
(349, 855526, 5),
(349, 855558, 8),
(350, 855546, 6),
(350, 855556, 2),
(351, 855549, 9),
(351, 855541, 10),
(351, 922103, 10),
(352, 855615, 6),
(352, 855623, 9),
(352, 855538, 10),
(353, 855615, 2),
(353, 820641, 7),
(354, 820518, 9),
(354, 855626, 4),
(355, 855603, 5),
(355, 855553, 2),
(356, 855537, 9),
(356, 855583, 5),
(356, 855570, 9),
(357, 855617, 9),
(358, 924855, 8),
(359, 855542, 2),
(360, 995466, 7),
(361, 958270, 1),
(361, 855533, 1),
(361, 820508, 6),
(362, 820590, 2),
(362, 855606, 7),
(363, 820545, 6),
(363, 962485, 2),
(364, 855567, 4),
(364, 1009246, 1),
(364, 855540, 6),
(365, 855529, 3),
(366, 855610, 6),
(366, 855545, 6),
(367, 820617, 7),
(367, 820545, 8),
(368, 855536, 1),
(369, 855617, 5),
(369, 855584, 7),
(370, 948693, 2),
(370, 855599, 2),
(371, 820625, 8),
(372, 855576, 4),
(372, 959462, 3),
(372, 1028561, 1),
(373, 820490, 10),
(373, 855620, 6),
(374, 855542, 2),
(374, 946695, 10),
(374, 855578, 7),
(375, 882984, 4),
(375, 1028564, 10),
(376, 955873, 2),
(376, 820482, 10),
(377, 855529, 1),
(377, 820564, 3),
(378, 820643, 3),
(378, 820501, 4),
(378, 820639, 6),
(379, 820571, 8),
(380, 855614, 10),
(380, 820492, 8),
(380, 820548, 10),
(381, 855551, 4),
(381, 855541, 1),
(381, 855553, 4),
(382, 855579, 7),
(383, 820617, 7),
(384, 855548, 10),
(384, 855534, 6),
(384, 855614, 8),
(385, 855540, 7),
(385, 855570, 8),
(386, 990865, 8),
(387, 855601, 4),
(387, 855602, 8),
(388, 820564, 6),
(389, 990865, 7),
(389, 855602, 2),
(389, 820482, 7),
(390, 855622, 3),
(390, 1011937, 5),
(390, 924855, 2),
(391, 820618, 8),
(391, 855630, 6),
(391, 820566, 8),
(392, 855626, 2),
(393, 855607, 3),
(394, 948696, 2),
(395, 820545, 5),
(395, 946695, 2),
(395, 855600, 10),
(396, 948694, 9),
(396, 948688, 8),
(396, 946532, 7),
(397, 962485, 8),
(397, 1028561, 4),
(398, 1011940, 7),
(398, 1005702, 5),
(398, 820613, 2),
(399, 820542, 6),
(399, 820507, 1),
(400, 820591, 5);

-----SENTENCIAS SQL
----1.GROUP BY - AGRUPA LOS RESULTADOS POR  UNA O VARIAS COLUMNAS
 ---żCUANTAS UNIDADES HAY EN INVENTARIO POR TIPO DE PRODUCTO?
 SELECT TIPO ,SUM (CANTIDAD) AS TOTAL_INVENTARIO
 FROM PRODUCTO
 GROUP BY TIPO;

 ----2 ORDER BY - ORDENA LOS RESULTADOS POR UNA O MAS COLUMNAS, Se puede generar ASC O DESC 
---żCUAL ES LA VENTA MAS ANTIGUA?
 SELECT *
 FROM VENTAS
 ORDER BY FECHA_VENTA ASC;

 -----3. DISTINCT - DEVUELVE VALORES UNICOS EN UNA COLUMNA ELIMINANDO DUPLICADOS

---- żQUE TIPOS DE PRODUCTOS EXISTEN?
 SELECT DISTINCT TIPO
 FROM PRODUCTO;

---4 BETWEEN - FILTRA LOS RESULTADOS DENTRO DE UN RANGO
---żQUE VENTAS SE REALIZARON ENTRE DOS FECHAS ESPECIFICAS?
 SELECT * 
 FROM VENTAS 
 WHERE FECHA_VENTA BETWEEN '2022-01-01' AND '2022-01-31';

 ---5 AVG - CALCULA EL PROMEDIO DE LOS VALORES NUMERICOS DE UNA COLUMNA.
 ---żCUAL ES EL PRECIO PROMEDIO DE LOS PRODUCTOS?
 SELECT AVG(PRECIO) AS PRECIO_PROMEDIO
 FROM PRODUCTO

 ----6 COUNT - CUENTA CUANTOS REGISTROS EN LAS COLUMNAS 

----żCUANTOS CLIENTES HAY REGISTRADOS?
SELECT COUNT(*) AS TOTAL_CLIENTES
FROM CLIENTES;

----7 HAVING - FILTRA LOS RESULTADOS DESPUES DE USAR GROUP BY . SE USA CON FUNCIONES AGREGADADAS COMO SUM,AVG ETC

---żQUE CLIENTE HA REALIZADO MAS DE 3 COMPRAS?
 SELECT ID_CLIENTE , COUNT(*) AS TOTAL_COMPRAS
 FROM VENTAS
 GROUP BY ID_CLIENTE
 HAVING COUNT(*)> 3

 ---8 MAX - DEVUELVE EL VALOR MAXIMO DE UNA COLUMNA
 ----żCUAL ES EL PRODUCTO CON EL PRECIO MAS ALTO?
 SELECT MAX(PRECIO) AS PRECIO_MAXIM0
 FROM PRODUCTO

 ---9.SUM - SUMA LOS VALORES DE UNA COLUMNA 
 ---żCUAL ES EL PRODUCTO CON EL PRECIO MAS ALTO?
 SELECT SUM(precio) AS 'Precio total por tipo'
FROM producto
Where tipo = 'BEBIDAS'


 --10  MIN - DEVUELVE EL VALOR MINIMO DE UNA COLUMNA
 ---żCUAL ES EL PRECIO MAS BAJO ENTRE TODOS LOS PRODUCTOS? DEVUELVE EL PRECIO MAS BAJO REGISTRADO
 SELECT MIN(PRECIO) AS PRECIO_MINIMO
 FROM PRODUCTO;

 --11 LIKE - BUSCA PATRONES EN TEXTO USANDO % CUALQUIER SECUENCIA DE CARACTERES
--żQUE CLIENTES TIENEN NOMBRES QUE EMPIEZAN CON 'A'?
 SELECT *
 FROM CLIENTES
 WHERE NOMBRE_CLIENTE LIKE 'A%';

 --12 IN - FILTRA SI UN VALOR ESTA DENTRO DE UNA LISTA ESPECIFICA
----żQUE PRODUCTOS SON DE LOS PROVEEDORES 1,2,3 O 5?
SELECT *
FROM PRODUCTO
WHERE ID_PROVEEDOR IN (1 , 3 , 5);


--13 OPERACIONES CON %

---CUAL ES EL PROCENTAJE DE PRODUCTOS POR TIPO
SELECT tipo, SUM(cantidad) AS total_por_tipo,
    SUM(cantidad) * 100 / (SELECT SUM(cantidad) FROM Producto) AS porcentaje
FROM Producto
GROUP BY tipo
ORDER BY porcentaje DESC;

--14 COUNT + GROUP BY + ORDER BY
--CUENTA REGISTROS POR GRUPO Y LOS ORDENA

---żCUANTAS COMPRAS HA HECHO CADA CLIENTE DE MAYOR A MENOR?

SELECT c.nombre_cliente, COUNT(v.ID_venta) AS total_ventas
FROM Clientes c
JOIN Ventas v ON c.id_cliente = v.id_cliente
GROUP BY c.nombre_cliente
ORDER BY total_ventas DESC;


--15 CONSULTA AGREGADA + HAVING
-- FILTRA GRUPOS QUE CUMPAL CONDICIONES CON FUNCIONES AGREGADAS
 ---żQUE CLIENTES HAN REALIZADO COMPRAS MAYORES O IGUALES A 4?

 SELECT c.nombre_cliente, COUNT(v.id_cliente) AS total_comprado
FROM Clientes c
JOIN Ventas v ON c.id_cliente = v.id_cliente
GROUP BY c.nombre_cliente
HAVING COUNT(v.id_cliente) >= 4 
ORDER BY total_comprado DESC